filename,occupancy_ratio
Bearing_10_Ball__1.binvox,0.5202560424804688
Bearing_10_Ball__10.binvox,0.5202560424804688
Bearing_10_Ball__3.binvox,0.43459081649780273
Bearing_10_Ball__4.binvox,0.3339242935180664
Bearing_10_Ball__5.binvox,0.42423009872436523
Bearing_10_Ball__7.binvox,0.5197615623474121
Bearing_10_Ball__8.binvox,0.5202560424804688
Bearing_10_InnerRing__1.binvox,0.15350341796875
Bearing_10_InnerRing__10.binvox,0.2537813186645508
Bearing_10_InnerRing__3.binvox,0.1260080337524414
Bearing_10_InnerRing__4.binvox,0.19188499450683594
Bearing_10_InnerRing__5.binvox,0.1699066162109375
Bearing_10_InnerRing__7.binvox,0.21745777130126953
Bearing_10_InnerRing__8.binvox,0.15355205535888672
Bearing_10_OuterRing__1.binvox,0.07509994506835938
Bearing_10_OuterRing__10.binvox,0.07541704177856445
Bearing_10_OuterRing__3.binvox,0.06264495849609375
Bearing_10_OuterRing__4.binvox,0.09214401245117188
Bearing_10_OuterRing__5.binvox,0.08348464965820312
Bearing_10_OuterRing__7.binvox,0.0801544189453125
Bearing_10_OuterRing__8.binvox,0.0752725601196289
Bearing_10_Seal__1.binvox,0.019223690032958984
Bearing_10_Seal__10.binvox,0.01896381378173828
Bearing_10_Seal__3.binvox,0.01921844482421875
Bearing_10_Seal__4.binvox,0.0287933349609375
Bearing_10_Seal__5.binvox,0.024023056030273438
Bearing_10_Seal__7.binvox,0.009613037109375
Bearing_10_Seal__8.binvox,0.018844127655029297
Bearing_1_Ball__1.binvox,0.5202560424804688
Bearing_1_Ball__10.binvox,0.5196657180786133
Bearing_1_Ball__3.binvox,0.5204896926879883
Bearing_1_Ball__4.binvox,0.5202560424804688
Bearing_1_Ball__5.binvox,0.5202560424804688
Bearing_1_Ball__7.binvox,0.5204896926879883
Bearing_1_Ball__8.binvox,0.5202560424804688
Bearing_1_Cage__1.binvox,0.01952075958251953
Bearing_1_Cage__10.binvox,0.026323795318603516
Bearing_1_Cage__3.binvox,0.01669025421142578
Bearing_1_Cage__4.binvox,0.01669168472290039
Bearing_1_Cage__5.binvox,0.017657756805419922
Bearing_1_Cage__7.binvox,0.0209503173828125
Bearing_1_Cage__8.binvox,0.02220010757446289
Bearing_1_InnerRing__1.binvox,0.35888671875
Bearing_1_InnerRing__10.binvox,0.41204071044921875
Bearing_1_InnerRing__3.binvox,0.35887718200683594
Bearing_1_InnerRing__4.binvox,0.2473750114440918
Bearing_1_InnerRing__5.binvox,0.31598806381225586
Bearing_1_InnerRing__7.binvox,0.2621879577636719
Bearing_1_InnerRing__8.binvox,0.3348503112792969
Bearing_1_OuterRing__1.binvox,0.11810684204101562
Bearing_1_OuterRing__10.binvox,0.115142822265625
Bearing_1_OuterRing__3.binvox,0.11806011199951172
Bearing_1_OuterRing__4.binvox,0.20749664306640625
Bearing_1_OuterRing__5.binvox,0.18158340454101562
Bearing_1_OuterRing__7.binvox,0.0875082015991211
Bearing_1_OuterRing__8.binvox,0.10445451736450195
Bearing_2_Ball__1.binvox,0.5203647613525391
Bearing_2_Ball__10.binvox,0.5197257995605469
Bearing_2_Ball__3.binvox,0.5202560424804688
Bearing_2_Ball__4.binvox,0.5202560424804688
Bearing_2_Ball__5.binvox,0.5197257995605469
Bearing_2_Ball__7.binvox,0.5197257995605469
Bearing_2_Ball__8.binvox,0.5197257995605469
Bearing_2_InnerRing__1.binvox,0.3233785629272461
Bearing_2_InnerRing__10.binvox,0.19424676895141602
Bearing_2_InnerRing__3.binvox,0.37249231338500977
Bearing_2_InnerRing__4.binvox,0.3386573791503906
Bearing_2_InnerRing__5.binvox,0.19424676895141602
Bearing_2_InnerRing__7.binvox,0.2147059440612793
Bearing_2_InnerRing__8.binvox,0.2147059440612793
Bearing_2_OuterRing__1.binvox,0.1020965576171875
Bearing_2_OuterRing__10.binvox,0.1264019012451172
Bearing_2_OuterRing__3.binvox,0.12335968017578125
Bearing_2_OuterRing__4.binvox,0.11219406127929688
Bearing_2_OuterRing__5.binvox,0.1264019012451172
Bearing_2_OuterRing__7.binvox,0.14749622344970703
Bearing_2_OuterRing__8.binvox,0.14749622344970703
Bearing_3_Ball__1.binvox,0.5205173492431641
Bearing_3_Ball__10.binvox,0.5202698707580566
Bearing_3_Ball__3.binvox,0.4745445251464844
Bearing_3_Ball__4.binvox,0.3339242935180664
Bearing_3_Ball__5.binvox,0.42423009872436523
Bearing_3_Ball__7.binvox,0.5202560424804688
Bearing_3_Ball__8.binvox,0.5205173492431641
Bearing_3_InnerRing__1.binvox,0.24714183807373047
Bearing_3_InnerRing__10.binvox,0.09335613250732422
Bearing_3_InnerRing__3.binvox,0.2270216941833496
Bearing_3_InnerRing__4.binvox,0.30689287185668945
Bearing_3_InnerRing__5.binvox,0.27379703521728516
Bearing_3_InnerRing__7.binvox,0.3296976089477539
Bearing_3_InnerRing__8.binvox,0.24539852142333984
Bearing_3_OuterRing__1.binvox,0.12845993041992188
Bearing_3_OuterRing__10.binvox,0.12413978576660156
Bearing_3_OuterRing__3.binvox,0.11719131469726562
Bearing_3_OuterRing__4.binvox,0.161773681640625
Bearing_3_OuterRing__5.binvox,0.144805908203125
Bearing_3_OuterRing__7.binvox,0.15037918090820312
Bearing_3_OuterRing__8.binvox,0.12806129455566406
Bearing_4_Ball__1.binvox,0.5190582275390625
Bearing_4_Ball__10.binvox,0.5190858840942383
Bearing_4_Ball__3.binvox,0.3624248504638672
Bearing_4_Ball__4.binvox,0.4166560173034668
Bearing_4_Ball__5.binvox,0.4689602851867676
Bearing_4_Ball__7.binvox,0.5186004638671875
Bearing_4_Ball__8.binvox,0.5186004638671875
Bearing_4_InnerRing__1.binvox,0.17623615264892578
Bearing_4_InnerRing__10.binvox,0.162689208984375
Bearing_4_InnerRing__3.binvox,0.21252822875976562
Bearing_4_InnerRing__4.binvox,0.14004230499267578
Bearing_4_InnerRing__5.binvox,0.15822744369506836
Bearing_4_InnerRing__7.binvox,0.27606678009033203
Bearing_4_InnerRing__8.binvox,0.39882469177246094
Bearing_4_OuterRing__1.binvox,0.08255863189697266
Bearing_4_OuterRing__10.binvox,0.08647394180297852
Bearing_4_OuterRing__3.binvox,0.09975528717041016
Bearing_4_OuterRing__4.binvox,0.06528520584106445
Bearing_4_OuterRing__5.binvox,0.07396459579467773
Bearing_4_OuterRing__7.binvox,0.11458587646484375
Bearing_4_OuterRing__8.binvox,0.18213939666748047
Bearing_5_Ball__1.binvox,0.5202560424804688
Bearing_5_Ball__10.binvox,0.5190582275390625
Bearing_5_Ball__3.binvox,0.4351038932800293
Bearing_5_Ball__4.binvox,0.33377599716186523
Bearing_5_Ball__5.binvox,0.4225749969482422
Bearing_5_Ball__7.binvox,0.5204896926879883
Bearing_5_Ball__8.binvox,0.5204896926879883
Bearing_5_Cage__1.binvox,0.01952075958251953
Bearing_5_Cage__10.binvox,0.023465633392333984
Bearing_5_Cage__3.binvox,0.01632833480834961
Bearing_5_Cage__4.binvox,0.02440643310546875
Bearing_5_Cage__5.binvox,0.022157669067382812
Bearing_5_Cage__7.binvox,0.016699790954589844
Bearing_5_Cage__8.binvox,0.01718616485595703
Bearing_5_InnerRing__1.binvox,0.33435630798339844
Bearing_5_InnerRing__10.binvox,0.34197139739990234
Bearing_5_InnerRing__3.binvox,0.2793397903442383
Bearing_5_InnerRing__4.binvox,0.4174327850341797
Bearing_5_InnerRing__5.binvox,0.37221193313598633
Bearing_5_InnerRing__7.binvox,0.3964509963989258
Bearing_5_InnerRing__8.binvox,0.3903470039367676
Bearing_5_OuterRing__1.binvox,0.11411857604980469
Bearing_5_OuterRing__10.binvox,0.19344520568847656
Bearing_5_OuterRing__3.binvox,0.09431886672973633
Bearing_5_OuterRing__4.binvox,0.1414799690246582
Bearing_5_OuterRing__5.binvox,0.1272907257080078
Bearing_5_OuterRing__7.binvox,0.13777732849121094
Bearing_5_OuterRing__8.binvox,0.13875770568847656
Bearing_5_Seal__1.binvox,0.009716987609863281
Bearing_5_Seal__10.binvox,0.02019786834716797
Bearing_5_Seal__3.binvox,0.006861209869384766
Bearing_5_Seal__4.binvox,0.011015892028808594
Bearing_5_Seal__5.binvox,0.010558128356933594
Bearing_5_Seal__7.binvox,0.01705312728881836
Bearing_5_Seal__8.binvox,0.016189098358154297
Bearing_6_Ball__1.binvox,0.5141220092773438
Bearing_6_Ball__10.binvox,0.5141220092773438
Bearing_6_Ball__3.binvox,0.4330611228942871
Bearing_6_Ball__4.binvox,0.33252668380737305
Bearing_6_Ball__5.binvox,0.4233384132385254
Bearing_6_Ball__7.binvox,0.5141220092773438
Bearing_6_Ball__8.binvox,0.5141220092773438
Bearing_6_InnerRing__1.binvox,0.2908792495727539
Bearing_6_InnerRing__10.binvox,0.38050365447998047
Bearing_6_InnerRing__3.binvox,0.23951053619384766
Bearing_6_InnerRing__4.binvox,0.36328649520874023
Bearing_6_InnerRing__5.binvox,0.3196091651916504
Bearing_6_InnerRing__7.binvox,0.2918081283569336
Bearing_6_InnerRing__8.binvox,0.3809194564819336
Bearing_6_OuterRing__1.binvox,0.14311695098876953
Bearing_6_OuterRing__10.binvox,0.14425945281982422
Bearing_6_OuterRing__3.binvox,0.11920547485351562
Bearing_6_OuterRing__4.binvox,0.17884063720703125
Bearing_6_OuterRing__5.binvox,0.1606912612915039
Bearing_6_OuterRing__7.binvox,0.14218616485595703
Bearing_6_OuterRing__8.binvox,0.14238357543945312
Bearing_7_Ball__1.binvox,0.5160059928894043
Bearing_7_Ball__10.binvox,0.5160059928894043
Bearing_7_Ball__3.binvox,0.4337801933288574
Bearing_7_Ball__4.binvox,0.33226966857910156
Bearing_7_Ball__5.binvox,0.42043113708496094
Bearing_7_Ball__7.binvox,0.5160059928894043
Bearing_7_Ball__8.binvox,0.5160059928894043
Bearing_7_InnerRing__1.binvox,0.3857383728027344
Bearing_7_InnerRing__10.binvox,0.37778615951538086
Bearing_7_InnerRing__3.binvox,0.32372283935546875
Bearing_7_InnerRing__4.binvox,0.4853644371032715
Bearing_7_InnerRing__5.binvox,0.43131589889526367
Bearing_7_InnerRing__7.binvox,0.4834918975830078
Bearing_7_InnerRing__8.binvox,0.47847509384155273
Bearing_7_OuterRing__1.binvox,0.0715341567993164
Bearing_7_OuterRing__10.binvox,0.07659435272216797
Bearing_7_OuterRing__3.binvox,0.05597209930419922
Bearing_7_OuterRing__4.binvox,0.08790779113769531
Bearing_7_OuterRing__5.binvox,0.07719659805297852
Bearing_7_OuterRing__7.binvox,0.09301280975341797
Bearing_7_OuterRing__8.binvox,0.07056140899658203
Bearing_8_Ball__1.binvox,0.5209875106811523
Bearing_8_Ball__10.binvox,0.5204181671142578
Bearing_8_Ball__3.binvox,0.33395862579345703
Bearing_8_Ball__4.binvox,0.47426748275756836
Bearing_8_Ball__5.binvox,0.43459463119506836
Bearing_8_Ball__7.binvox,0.5209875106811523
Bearing_8_Ball__8.binvox,0.5198268890380859
Bearing_8_InnerRing__1.binvox,0.30637311935424805
Bearing_8_InnerRing__10.binvox,0.3906240463256836
Bearing_8_InnerRing__3.binvox,0.3800697326660156
Bearing_8_InnerRing__4.binvox,0.27961111068725586
Bearing_8_InnerRing__5.binvox,0.2533292770385742
Bearing_8_InnerRing__7.binvox,0.30838871002197266
Bearing_8_InnerRing__8.binvox,0.3115959167480469
Bearing_8_OuterRing__1.binvox,0.10185623168945312
Bearing_8_OuterRing__10.binvox,0.11632871627807617
Bearing_8_OuterRing__3.binvox,0.12851333618164062
Bearing_8_OuterRing__4.binvox,0.09137725830078125
Bearing_8_OuterRing__5.binvox,0.08568954467773438
Bearing_8_OuterRing__7.binvox,0.1024312973022461
Bearing_8_OuterRing__8.binvox,0.11145782470703125
Bearing_9_Ball__1.binvox,0.5197620391845703
Bearing_9_Ball__10.binvox,0.5197620391845703
Bearing_9_Ball__3.binvox,0.4345369338989258
Bearing_9_Ball__4.binvox,0.33382463455200195
Bearing_9_Ball__5.binvox,0.4224982261657715
Bearing_9_Ball__7.binvox,0.5197620391845703
Bearing_9_Ball__8.binvox,0.5197620391845703
Bearing_9_InnerRing__1.binvox,0.2946624755859375
Bearing_9_InnerRing__10.binvox,0.32262229919433594
Bearing_9_InnerRing__3.binvox,0.2444310188293457
Bearing_9_InnerRing__4.binvox,0.366671085357666
Bearing_9_InnerRing__5.binvox,0.32366132736206055
Bearing_9_InnerRing__7.binvox,0.2925739288330078
Bearing_9_InnerRing__8.binvox,0.26676464080810547
Bearing_9_OuterRing__1.binvox,0.04100942611694336
Bearing_9_OuterRing__10.binvox,0.038234710693359375
Bearing_9_OuterRing__3.binvox,0.034852027893066406
Bearing_9_OuterRing__4.binvox,0.05248403549194336
Bearing_9_OuterRing__5.binvox,0.04678535461425781
Bearing_9_OuterRing__7.binvox,0.04106712341308594
Bearing_9_OuterRing__8.binvox,0.03644752502441406
Bearing_9_Seal__1.binvox,0.012358665466308594
Bearing_9_Seal__10.binvox,0.013643264770507812
Bearing_9_Seal__3.binvox,0.010508060455322266
Bearing_9_Seal__4.binvox,0.015134811401367188
Bearing_9_Seal__5.binvox,0.012760639190673828
Bearing_9_Seal__7.binvox,0.011910438537597656
Bearing_9_Seal__8.binvox,0.011667251586914062
Caster_10_Bolt__1.binvox,0.016923904418945312
Caster_10_Bolt__10.binvox,0.012509822845458984
Caster_10_Bolt__3.binvox,0.012104034423828125
Caster_10_Bolt__4.binvox,0.027070999145507812
Caster_10_Bolt__5.binvox,0.02139902114868164
Caster_10_Bolt__7.binvox,0.015483856201171875
Caster_10_Bolt__8.binvox,0.013579368591308594
Caster_10_Fork__1.binvox,0.02505779266357422
Caster_10_Fork__10.binvox,0.03560495376586914
Caster_10_Fork__3.binvox,0.02889728546142578
Caster_10_Fork__4.binvox,0.021687030792236328
Caster_10_Fork__5.binvox,0.02041006088256836
Caster_10_Fork__7.binvox,0.02510356903076172
Caster_10_Fork__8.binvox,0.03160429000854492
Caster_10_Nut__1.binvox,0.18658161163330078
Caster_10_Nut__10.binvox,0.16487598419189453
Caster_10_Nut__3.binvox,0.22214126586914062
Caster_10_Nut__4.binvox,0.14806842803955078
Caster_10_Nut__5.binvox,0.1672801971435547
Caster_10_Nut__7.binvox,0.16728591918945312
Caster_10_Nut__8.binvox,0.16189146041870117
Caster_10_TopPlate__1.binvox,0.03474140167236328
Caster_10_TopPlate__10.binvox,0.0653538703918457
Caster_10_TopPlate__3.binvox,0.041686058044433594
Caster_10_TopPlate__4.binvox,0.027819156646728516
Caster_10_TopPlate__5.binvox,0.031021595001220703
Caster_10_TopPlate__7.binvox,0.035429954528808594
Caster_10_TopPlate__8.binvox,0.05841350555419922
Caster_10_WheelRubber__1.binvox,0.07927703857421875
Caster_10_WheelRubber__10.binvox,0.08173322677612305
Caster_10_WheelRubber__3.binvox,0.09520530700683594
Caster_10_WheelRubber__4.binvox,0.06346607208251953
Caster_10_WheelRubber__5.binvox,0.06898355484008789
Caster_10_WheelRubber__7.binvox,0.07009124755859375
Caster_10_WheelRubber__8.binvox,0.08124542236328125
Caster_10_Wheel__1.binvox,0.1513972282409668
Caster_10_Wheel__10.binvox,0.1697225570678711
Caster_10_Wheel__3.binvox,0.18143367767333984
Caster_10_Wheel__4.binvox,0.12112617492675781
Caster_10_Wheel__5.binvox,0.1364893913269043
Caster_10_Wheel__7.binvox,0.14291048049926758
Caster_10_Wheel__8.binvox,0.17197322845458984
Caster_1_Bolt__1.binvox,0.020320892333984375
Caster_1_Bolt__10.binvox,0.023520469665527344
Caster_1_Bolt__3.binvox,0.013984203338623047
Caster_1_Bolt__4.binvox,0.03138923645019531
Caster_1_Bolt__5.binvox,0.025026798248291016
Caster_1_Bolt__7.binvox,0.027292251586914062
Caster_1_Bolt__8.binvox,0.025574207305908203
Caster_1_Fork__1.binvox,0.017793655395507812
Caster_1_Fork__10.binvox,0.028890609741210938
Caster_1_Fork__3.binvox,0.022884368896484375
Caster_1_Fork__4.binvox,0.015180587768554688
Caster_1_Fork__5.binvox,0.016595840454101562
Caster_1_Fork__7.binvox,0.039028167724609375
Caster_1_Fork__8.binvox,0.035836219787597656
Caster_1_Nut__1.binvox,0.30356454849243164
Caster_1_Nut__10.binvox,0.27339696884155273
Caster_1_Nut__3.binvox,0.30987977981567383
Caster_1_Nut__4.binvox,0.24415874481201172
Caster_1_Nut__5.binvox,0.27547407150268555
Caster_1_Nut__7.binvox,0.30631446838378906
Caster_1_Nut__8.binvox,0.30627965927124023
Caster_1_Wheel__1.binvox,0.23833274841308594
Caster_1_Wheel__10.binvox,0.2115001678466797
Caster_1_Wheel__3.binvox,0.2854022979736328
Caster_1_Wheel__4.binvox,0.1916184425354004
Caster_1_Wheel__5.binvox,0.21523475646972656
Caster_1_Wheel__7.binvox,0.2824234962463379
Caster_1_Wheel__8.binvox,0.23419761657714844
Caster_2_Bolt__1.binvox,0.013999462127685547
Caster_2_Bolt__10.binvox,0.01279306411743164
Caster_2_Bolt__3.binvox,0.009953975677490234
Caster_2_Bolt__4.binvox,0.021893024444580078
Caster_2_Bolt__5.binvox,0.01729297637939453
Caster_2_Bolt__7.binvox,0.012807846069335938
Caster_2_Bolt__8.binvox,0.01262664794921875
Caster_2_Fork__1.binvox,0.026426315307617188
Caster_2_Fork__10.binvox,0.036808013916015625
Caster_2_Fork__3.binvox,0.036955833435058594
Caster_2_Fork__4.binvox,0.023268699645996094
Caster_2_Fork__5.binvox,0.024868011474609375
Caster_2_Fork__7.binvox,0.0405731201171875
Caster_2_Fork__8.binvox,0.05115318298339844
Caster_2_Nut__1.binvox,0.276580810546875
Caster_2_Nut__10.binvox,0.17275476455688477
Caster_2_Nut__3.binvox,0.33210229873657227
Caster_2_Nut__4.binvox,0.22125816345214844
Caster_2_Nut__5.binvox,0.2489633560180664
Caster_2_Nut__7.binvox,0.2901735305786133
Caster_2_Nut__8.binvox,0.22052717208862305
Caster_2_Wheel__1.binvox,0.34662771224975586
Caster_2_Wheel__10.binvox,0.27280616760253906
Caster_2_Wheel__3.binvox,0.4142889976501465
Caster_2_Wheel__4.binvox,0.27922534942626953
Caster_2_Wheel__5.binvox,0.31406450271606445
Caster_2_Wheel__7.binvox,0.28682613372802734
Caster_2_Wheel__8.binvox,0.2866239547729492
Caster_3_Bolt__1.binvox,0.017980575561523438
Caster_3_Bolt__10.binvox,0.013661384582519531
Caster_3_Bolt__3.binvox,0.012302875518798828
Caster_3_Bolt__4.binvox,0.027698993682861328
Caster_3_Bolt__5.binvox,0.022106170654296875
Caster_3_Bolt__7.binvox,0.015624046325683594
Caster_3_Bolt__8.binvox,0.015624046325683594
Caster_3_Fork__1.binvox,0.041301727294921875
Caster_3_Fork__10.binvox,0.050603389739990234
Caster_3_Fork__3.binvox,0.050130367279052734
Caster_3_Fork__4.binvox,0.0326228141784668
Caster_3_Fork__5.binvox,0.03671598434448242
Caster_3_Fork__7.binvox,0.061542510986328125
Caster_3_Fork__8.binvox,0.034450531005859375
Caster_3_Nut__1.binvox,0.15800952911376953
Caster_3_Nut__10.binvox,0.27713727951049805
Caster_3_Nut__3.binvox,0.18981313705444336
Caster_3_Nut__4.binvox,0.12654972076416016
Caster_3_Nut__5.binvox,0.1423492431640625
Caster_3_Nut__7.binvox,0.17830610275268555
Caster_3_Nut__8.binvox,0.17830610275268555
Caster_3_Wheel__1.binvox,0.23057174682617188
Caster_3_Wheel__10.binvox,0.1758284568786621
Caster_3_Wheel__3.binvox,0.2760019302368164
Caster_3_Wheel__4.binvox,0.1835012435913086
Caster_3_Wheel__5.binvox,0.2071237564086914
Caster_3_Wheel__7.binvox,0.19880056381225586
Caster_3_Wheel__8.binvox,0.19880056381225586
Caster_4_Bolt__1.binvox,0.00736236572265625
Caster_4_Bolt__10.binvox,0.009267330169677734
Caster_4_Bolt__3.binvox,0.013936996459960938
Caster_4_Bolt__4.binvox,0.01082754135131836
Caster_4_Bolt__5.binvox,0.009121417999267578
Caster_4_Bolt__7.binvox,0.008227348327636719
Caster_4_Bolt__8.binvox,0.00913095474243164
Caster_4_Fork__1.binvox,0.03706932067871094
Caster_4_Fork__10.binvox,0.028806686401367188
Caster_4_Fork__3.binvox,0.04080390930175781
Caster_4_Fork__4.binvox,0.02962970733642578
Caster_4_Fork__5.binvox,0.03163337707519531
Caster_4_Fork__7.binvox,0.03684806823730469
Caster_4_Fork__8.binvox,0.036414146423339844
Caster_4_Nut__1.binvox,0.21010923385620117
Caster_4_Nut__10.binvox,0.3061690330505371
Caster_4_Nut__3.binvox,0.2567176818847656
Caster_4_Nut__4.binvox,0.16926097869873047
Caster_4_Nut__5.binvox,0.19254732131958008
Caster_4_Nut__7.binvox,0.21235227584838867
Caster_4_Nut__8.binvox,0.18497610092163086
Caster_4_WheelRubber__1.binvox,0.1893167495727539
Caster_4_WheelRubber__10.binvox,0.16961097717285156
Caster_4_WheelRubber__3.binvox,0.2261056900024414
Caster_4_WheelRubber__4.binvox,0.15225458145141602
Caster_4_WheelRubber__5.binvox,0.1706695556640625
Caster_4_WheelRubber__7.binvox,0.19838666915893555
Caster_4_WheelRubber__8.binvox,0.18979787826538086
Caster_4_Wheel__1.binvox,0.3681774139404297
Caster_4_Wheel__10.binvox,0.3118000030517578
Caster_4_Wheel__3.binvox,0.44359350204467773
Caster_4_Wheel__4.binvox,0.29916906356811523
Caster_4_Wheel__5.binvox,0.33136415481567383
Caster_4_Wheel__7.binvox,0.3653850555419922
Caster_4_Wheel__8.binvox,0.36846399307250977
Caster_5_Bolt__1.binvox,0.010340213775634766
Caster_5_Bolt__10.binvox,0.010128498077392578
Caster_5_Bolt__3.binvox,0.007440090179443359
Caster_5_Bolt__4.binvox,0.016084671020507812
Caster_5_Bolt__5.binvox,0.012937068939208984
Caster_5_Bolt__7.binvox,0.010645389556884766
Caster_5_Bolt__8.binvox,0.010645389556884766
Caster_5_Fork__1.binvox,0.037326812744140625
Caster_5_Fork__10.binvox,0.0412139892578125
Caster_5_Fork__3.binvox,0.0448760986328125
Caster_5_Fork__4.binvox,0.030111312866210938
Caster_5_Fork__5.binvox,0.031341552734375
Caster_5_Fork__7.binvox,0.0489039421081543
Caster_5_Fork__8.binvox,0.04891204833984375
Caster_5_Nut__1.binvox,0.16124486923217773
Caster_5_Nut__10.binvox,0.14114093780517578
Caster_5_Nut__3.binvox,0.19539642333984375
Caster_5_Nut__4.binvox,0.13164377212524414
Caster_5_Nut__5.binvox,0.14655780792236328
Caster_5_Nut__7.binvox,0.09763336181640625
Caster_5_Nut__8.binvox,0.09689903259277344
Caster_5_Wheel__1.binvox,0.12581872940063477
Caster_5_Wheel__10.binvox,0.18461370468139648
Caster_5_Wheel__3.binvox,0.14910125732421875
Caster_5_Wheel__4.binvox,0.10240793228149414
Caster_5_Wheel__5.binvox,0.10935544967651367
Caster_5_Wheel__7.binvox,0.12349319458007812
Caster_5_Wheel__8.binvox,0.12406730651855469
Caster_6_Bolt__1.binvox,0.012009143829345703
Caster_6_Bolt__10.binvox,0.0123138427734375
Caster_6_Bolt__3.binvox,0.008624076843261719
Caster_6_Bolt__4.binvox,0.018928050994873047
Caster_6_Bolt__5.binvox,0.01493692398071289
Caster_6_Bolt__7.binvox,0.011574268341064453
Caster_6_Bolt__8.binvox,0.011568546295166016
Caster_6_Fork__1.binvox,0.044994354248046875
Caster_6_Fork__10.binvox,0.048999786376953125
Caster_6_Fork__3.binvox,0.054935455322265625
Caster_6_Fork__4.binvox,0.034929752349853516
Caster_6_Fork__5.binvox,0.042810916900634766
Caster_6_Fork__7.binvox,0.04508638381958008
Caster_6_Fork__8.binvox,0.03445291519165039
Caster_6_Nut__1.binvox,0.17142677307128906
Caster_6_Nut__10.binvox,0.18713045120239258
Caster_6_Nut__3.binvox,0.2044382095336914
Caster_6_Nut__4.binvox,0.13812828063964844
Caster_6_Nut__5.binvox,0.1519184112548828
Caster_6_Nut__7.binvox,0.19111108779907227
Caster_6_Nut__8.binvox,0.19212579727172852
Caster_6_TopPlate__1.binvox,0.038037776947021484
Caster_6_TopPlate__10.binvox,0.043566226959228516
Caster_6_TopPlate__3.binvox,0.04572582244873047
Caster_6_TopPlate__4.binvox,0.03032970428466797
Caster_6_TopPlate__5.binvox,0.03441143035888672
Caster_6_TopPlate__7.binvox,0.038564205169677734
Caster_6_TopPlate__8.binvox,0.038564205169677734
Caster_6_Wheel__1.binvox,0.1850757598876953
Caster_6_Wheel__10.binvox,0.19538307189941406
Caster_6_Wheel__3.binvox,0.22253894805908203
Caster_6_Wheel__4.binvox,0.15094518661499023
Caster_6_Wheel__5.binvox,0.1666121482849121
Caster_6_Wheel__7.binvox,0.17376708984375
Caster_6_Wheel__8.binvox,0.1738433837890625
Caster_7_Bolt__1.binvox,0.021881103515625
Caster_7_Bolt__10.binvox,0.023635387420654297
Caster_7_Bolt__3.binvox,0.015842914581298828
Caster_7_Bolt__4.binvox,0.034482479095458984
Caster_7_Bolt__5.binvox,0.027572154998779297
Caster_7_Bolt__7.binvox,0.02062225341796875
Caster_7_Bolt__8.binvox,0.02051687240600586
Caster_7_Fork__1.binvox,0.0655527114868164
Caster_7_Fork__10.binvox,0.06653833389282227
Caster_7_Fork__3.binvox,0.07751798629760742
Caster_7_Fork__4.binvox,0.05365753173828125
Caster_7_Fork__5.binvox,0.0567479133605957
Caster_7_Fork__7.binvox,0.06653642654418945
Caster_7_Fork__8.binvox,0.06653642654418945
Caster_7_Nut__1.binvox,0.2171778678894043
Caster_7_Nut__10.binvox,0.21465015411376953
Caster_7_Nut__3.binvox,0.25954771041870117
Caster_7_Nut__4.binvox,0.17477846145629883
Caster_7_Nut__5.binvox,0.19594717025756836
Caster_7_Nut__7.binvox,0.17478179931640625
Caster_7_Nut__8.binvox,0.19732236862182617
Caster_7_TopPlate__1.binvox,0.036469459533691406
Caster_7_TopPlate__10.binvox,0.07213973999023438
Caster_7_TopPlate__3.binvox,0.04398202896118164
Caster_7_TopPlate__4.binvox,0.028908729553222656
Caster_7_TopPlate__5.binvox,0.032697200775146484
Caster_7_TopPlate__7.binvox,0.03781414031982422
Caster_7_TopPlate__8.binvox,0.03651285171508789
Caster_7_Wheel__1.binvox,0.3355417251586914
Caster_7_Wheel__10.binvox,0.3800826072692871
Caster_7_Wheel__3.binvox,0.4028191566467285
Caster_7_Wheel__4.binvox,0.26907825469970703
Caster_7_Wheel__5.binvox,0.3021407127380371
Caster_7_Wheel__7.binvox,0.39897680282592773
Caster_7_Wheel__8.binvox,0.3788771629333496
Caster_8_Bolt__1.binvox,0.022846698760986328
Caster_8_Bolt__10.binvox,0.025316238403320312
Caster_8_Bolt__3.binvox,0.015490055084228516
Caster_8_Bolt__4.binvox,0.03521299362182617
Caster_8_Bolt__5.binvox,0.027762413024902344
Caster_8_Bolt__7.binvox,0.023061275482177734
Caster_8_Bolt__8.binvox,0.022972583770751953
Caster_8_Fork__1.binvox,0.05406904220581055
Caster_8_Fork__10.binvox,0.04711008071899414
Caster_8_Fork__3.binvox,0.06481647491455078
Caster_8_Fork__4.binvox,0.043442726135253906
Caster_8_Fork__5.binvox,0.04711627960205078
Caster_8_Fork__7.binvox,0.04682111740112305
Caster_8_Fork__8.binvox,0.0470280647277832
Caster_8_Nut__1.binvox,0.26537466049194336
Caster_8_Nut__10.binvox,0.2240595817565918
Caster_8_Nut__3.binvox,0.3185081481933594
Caster_8_Nut__4.binvox,0.21236467361450195
Caster_8_Nut__5.binvox,0.2388896942138672
Caster_8_Nut__7.binvox,0.2739725112915039
Caster_8_Nut__8.binvox,0.30992603302001953
Caster_8_TopPlate__1.binvox,0.03372001647949219
Caster_8_TopPlate__10.binvox,0.0582733154296875
Caster_8_TopPlate__3.binvox,0.040790557861328125
Caster_8_TopPlate__4.binvox,0.02716207504272461
Caster_8_TopPlate__5.binvox,0.030714035034179688
Caster_8_TopPlate__7.binvox,0.03148460388183594
Caster_8_TopPlate__8.binvox,0.029815673828125
Caster_8_Wheel__1.binvox,0.21790313720703125
Caster_8_Wheel__10.binvox,0.21639156341552734
Caster_8_Wheel__3.binvox,0.26352977752685547
Caster_8_Wheel__4.binvox,0.17402124404907227
Caster_8_Wheel__5.binvox,0.1973876953125
Caster_8_Wheel__7.binvox,0.19545269012451172
Caster_8_Wheel__8.binvox,0.19545269012451172
Caster_9_Bolt__1.binvox,0.012009143829345703
Caster_9_Bolt__10.binvox,0.016126632690429688
Caster_9_Bolt__3.binvox,0.008624076843261719
Caster_9_Bolt__4.binvox,0.018928050994873047
Caster_9_Bolt__5.binvox,0.01493692398071289
Caster_9_Bolt__7.binvox,0.016289234161376953
Caster_9_Bolt__8.binvox,0.015876293182373047
Caster_9_Fork__1.binvox,0.05474233627319336
Caster_9_Fork__10.binvox,0.05722618103027344
Caster_9_Fork__3.binvox,0.06574153900146484
Caster_9_Fork__4.binvox,0.0440826416015625
Caster_9_Fork__5.binvox,0.04628801345825195
Caster_9_Fork__7.binvox,0.04666757583618164
Caster_9_Fork__8.binvox,0.05095481872558594
Caster_9_Nut__1.binvox,0.17142677307128906
Caster_9_Nut__10.binvox,0.20424890518188477
Caster_9_Nut__3.binvox,0.2044382095336914
Caster_9_Nut__4.binvox,0.13812828063964844
Caster_9_Nut__5.binvox,0.1519184112548828
Caster_9_Nut__7.binvox,0.12468385696411133
Caster_9_Nut__8.binvox,0.12477445602416992
Caster_9_TopPlate__1.binvox,0.03562211990356445
Caster_9_TopPlate__10.binvox,0.06119108200073242
Caster_9_TopPlate__3.binvox,0.04239320755004883
Caster_9_TopPlate__4.binvox,0.028227806091308594
Caster_9_TopPlate__5.binvox,0.031603336334228516
Caster_9_TopPlate__7.binvox,0.03166627883911133
Caster_9_TopPlate__8.binvox,0.03599739074707031
Caster_9_Wheel__1.binvox,0.1850757598876953
Caster_9_Wheel__10.binvox,0.17237615585327148
Caster_9_Wheel__3.binvox,0.22253894805908203
Caster_9_Wheel__4.binvox,0.15094518661499023
Caster_9_Wheel__5.binvox,0.1666121482849121
Caster_9_Wheel__7.binvox,0.16077041625976562
Caster_9_Wheel__8.binvox,0.16486406326293945
Clamp_10_Frame__1.binvox,0.0832529067993164
Clamp_10_Pad__1.binvox,0.26229381561279297
Clamp_10_PinScrew__1.binvox,0.026679515838623047
Clamp_11_Frame__1.binvox,0.028481006622314453
Clamp_11_Handle__1.binvox,0.00460052490234375
Clamp_11_Pad__1.binvox,0.3685731887817383
Clamp_11_PinScrew__1.binvox,0.007771492004394531
Clamp_12_Frame__1.binvox,0.03237009048461914
Clamp_12_Handle__1.binvox,0.0041046142578125
Clamp_12_Pad__1.binvox,0.31507110595703125
Clamp_12_PinScrew__1.binvox,0.006118297576904297
Clamp_13_Frame__1.binvox,0.020247936248779297
Clamp_13_Handle__1.binvox,0.004016876220703125
Clamp_13_Pad__1.binvox,0.26294517517089844
Clamp_13_PinScrew__1.binvox,0.010594367980957031
Clamp_15_Frame__1.binvox,0.062306880950927734
Clamp_15_Handle__1.binvox,0.0066204071044921875
Clamp_15_Pad__1.binvox,0.26944637298583984
Clamp_15_PinScrew__1.binvox,0.006844043731689453
Clamp_16_Frame__1.binvox,0.018674850463867188
Clamp_16_Handle__1.binvox,0.008457183837890625
Clamp_16_Pad__1.binvox,0.47633886337280273
Clamp_16_PinScrew__1.binvox,0.011445999145507812
Clamp_17_Frame__1.binvox,0.0075702667236328125
Clamp_17_Handle__1.binvox,0.005637645721435547
Clamp_17_Pad__1.binvox,0.15153169631958008
Clamp_17_PinScrew__1.binvox,0.0031566619873046875
Clamp_18_Frame__1.binvox,0.007479667663574219
Clamp_18_Handle__1.binvox,0.0057373046875
Clamp_18_Pad__1.binvox,0.15149259567260742
Clamp_18_PinScrew__1.binvox,0.003066539764404297
Clamp_1_Frame__2.binvox,0.036800384521484375
Clamp_1_Frame__3.binvox,0.0448298454284668
Clamp_1_Frame__4.binvox,0.020325183868408203
Clamp_1_Frame__5.binvox,0.023944377899169922
Clamp_1_Frame__7.binvox,0.032512664794921875
Clamp_1_Frame__9.binvox,0.03272581100463867
Clamp_1_Handle__2.binvox,0.004245758056640625
Clamp_1_Handle__3.binvox,0.003972053527832031
Clamp_1_Handle__4.binvox,0.005962848663330078
Clamp_1_Handle__5.binvox,0.004856109619140625
Clamp_1_Handle__7.binvox,0.004642486572265625
Clamp_1_Handle__9.binvox,0.0047817230224609375
Clamp_1_Pad__2.binvox,0.2271251678466797
Clamp_1_Pad__3.binvox,0.2009439468383789
Clamp_1_Pad__4.binvox,0.30548667907714844
Clamp_1_Pad__5.binvox,0.27085113525390625
Clamp_1_Pad__7.binvox,0.3913297653198242
Clamp_1_Pad__9.binvox,0.2307119369506836
Clamp_1_PinScrew__2.binvox,0.012073993682861328
Clamp_1_PinScrew__3.binvox,0.014433860778808594
Clamp_1_PinScrew__4.binvox,0.0064334869384765625
Clamp_1_PinScrew__5.binvox,0.008176326751708984
Clamp_1_PinScrew__7.binvox,0.009693145751953125
Clamp_1_PinScrew__9.binvox,0.009715557098388672
Clamp_20_Frame__1.binvox,0.029224872589111328
Clamp_20_Handle__1.binvox,0.0024361610412597656
Clamp_20_Pad__1.binvox,0.38584470748901367
Clamp_20_PinScrew__1.binvox,0.00756072998046875
Clamp_2_Frame__2.binvox,0.006426811218261719
Clamp_2_Frame__3.binvox,0.005900382995605469
Clamp_2_Frame__4.binvox,0.008767127990722656
Clamp_2_Frame__5.binvox,0.007976531982421875
Clamp_2_Frame__7.binvox,0.007498741149902344
Clamp_2_Frame__9.binvox,0.006099700927734375
Clamp_2_Handle__2.binvox,0.006963253021240234
Clamp_2_Handle__3.binvox,0.00813150405883789
Clamp_2_Handle__4.binvox,0.003696441650390625
Clamp_2_Handle__5.binvox,0.004425525665283203
Clamp_2_Handle__7.binvox,0.0035333633422851562
Clamp_2_Handle__9.binvox,0.003223896026611328
Clamp_2_Pad__2.binvox,0.14085102081298828
Clamp_2_Pad__3.binvox,0.12908077239990234
Clamp_2_Pad__4.binvox,0.1011509895324707
Clamp_2_Pad__5.binvox,0.12371635437011719
Clamp_2_Pad__7.binvox,0.10244321823120117
Clamp_2_Pad__9.binvox,0.253507137298584
Clamp_2_PinScrew__2.binvox,0.002712249755859375
Clamp_2_PinScrew__3.binvox,0.002536773681640625
Clamp_2_PinScrew__4.binvox,0.003868579864501953
Clamp_2_PinScrew__5.binvox,0.0034351348876953125
Clamp_2_PinScrew__7.binvox,0.0032243728637695312
Clamp_2_PinScrew__9.binvox,0.00299835205078125
Clamp_3_Frame__2.binvox,0.04315519332885742
Clamp_3_Frame__3.binvox,0.039821624755859375
Clamp_3_Frame__4.binvox,0.059763431549072266
Clamp_3_Frame__5.binvox,0.05321216583251953
Clamp_3_Frame__7.binvox,0.045479774475097656
Clamp_3_Frame__9.binvox,0.049822330474853516
Clamp_3_Handle__2.binvox,0.011646270751953125
Clamp_3_Handle__3.binvox,0.005332469940185547
Clamp_3_Handle__4.binvox,0.005332469940185547
Clamp_3_Handle__5.binvox,0.006557464599609375
Clamp_3_Handle__7.binvox,0.00473785400390625
Clamp_3_Handle__9.binvox,0.0026702880859375
Clamp_3_Pad__2.binvox,0.3249549865722656
Clamp_3_Pad__3.binvox,0.24748802185058594
Clamp_3_Pad__4.binvox,0.24748802185058594
Clamp_3_Pad__5.binvox,0.3116788864135742
Clamp_3_Pad__7.binvox,0.3130016326904297
Clamp_3_Pad__9.binvox,0.26276063919067383
Clamp_3_PinScrew__2.binvox,0.009807586669921875
Clamp_3_PinScrew__3.binvox,0.014806270599365234
Clamp_3_PinScrew__4.binvox,0.014806270599365234
Clamp_3_PinScrew__5.binvox,0.013098716735839844
Clamp_3_PinScrew__7.binvox,0.01385641098022461
Clamp_3_PinScrew__9.binvox,0.014142513275146484
Clamp_4_Frame__2.binvox,0.06911134719848633
Clamp_4_Frame__3.binvox,0.08287954330444336
Clamp_4_Frame__4.binvox,0.036712646484375
Clamp_4_Frame__5.binvox,0.04422426223754883
Clamp_4_Frame__7.binvox,0.05291271209716797
Clamp_4_Frame__9.binvox,0.06512212753295898
Clamp_4_PinScrew__2.binvox,0.01994037628173828
Clamp_4_PinScrew__3.binvox,0.02368021011352539
Clamp_4_PinScrew__4.binvox,0.010652542114257812
Clamp_4_PinScrew__5.binvox,0.013438224792480469
Clamp_4_PinScrew__7.binvox,0.013399124145507812
Clamp_4_PinScrew__9.binvox,0.016119956970214844
Clamp_5_Frame__2.binvox,0.046547889709472656
Clamp_5_Frame__3.binvox,0.05211591720581055
Clamp_5_Frame__4.binvox,0.024390697479248047
Clamp_5_Frame__5.binvox,0.029957294464111328
Clamp_5_Frame__7.binvox,0.038195133209228516
Clamp_5_Frame__9.binvox,0.043497562408447266
Clamp_5_Handle__2.binvox,0.004329681396484375
Clamp_5_Handle__3.binvox,0.0042552947998046875
Clamp_5_Handle__4.binvox,0.006007194519042969
Clamp_5_Handle__5.binvox,0.005331993103027344
Clamp_5_Handle__7.binvox,0.004322052001953125
Clamp_5_Handle__9.binvox,0.002216339111328125
Clamp_5_Pad__2.binvox,0.2478947639465332
Clamp_5_Pad__3.binvox,0.2237248420715332
Clamp_5_Pad__4.binvox,0.3357405662536621
Clamp_5_Pad__5.binvox,0.30384206771850586
Clamp_5_Pad__7.binvox,0.2523927688598633
Clamp_5_Pad__9.binvox,0.372189998626709
Clamp_5_PinScrew__2.binvox,0.008750438690185547
Clamp_5_PinScrew__3.binvox,0.010010242462158203
Clamp_5_PinScrew__4.binvox,0.004392147064208984
Clamp_5_PinScrew__5.binvox,0.005749702453613281
Clamp_5_PinScrew__7.binvox,0.007592201232910156
Clamp_5_PinScrew__9.binvox,0.007686614990234375
Clamp_6_Frame__1.binvox,0.08965444564819336
Clamp_6_Pad__1.binvox,0.5415129661560059
Clamp_6_PinScrew__1.binvox,0.03837871551513672
Clamp_7_Frame__1.binvox,0.0669565200805664
Clamp_7_PinScrew__1.binvox,0.019985675811767578
Clamp_8_Frame__1.binvox,0.021292686462402344
Clamp_8_Handle__1.binvox,0.0034008026123046875
Clamp_8_Pad__1.binvox,0.2944822311401367
Clamp_8_PinScrew__1.binvox,0.005496025085449219
Hinge_10_LeafLeft__1.binvox,0.018487930297851562
Hinge_10_LeafLeft__10.binvox,0.022255897521972656
Hinge_10_LeafLeft__3.binvox,0.02014446258544922
Hinge_10_LeafLeft__4.binvox,0.02205944061279297
Hinge_10_LeafLeft__5.binvox,0.01749706268310547
Hinge_10_LeafLeft__7.binvox,0.012236595153808594
Hinge_10_LeafLeft__8.binvox,0.010860443115234375
Hinge_10_LeafRight__1.binvox,0.02047252655029297
Hinge_10_LeafRight__10.binvox,0.022878646850585938
Hinge_10_LeafRight__3.binvox,0.020598888397216797
Hinge_10_LeafRight__4.binvox,0.02272510528564453
Hinge_10_LeafRight__5.binvox,0.017995834350585938
Hinge_10_LeafRight__7.binvox,0.011577606201171875
Hinge_10_LeafRight__8.binvox,0.011577606201171875
Hinge_10_Pin__1.binvox,0.005153656005859375
Hinge_10_Pin__10.binvox,0.005191802978515625
Hinge_10_Pin__3.binvox,0.00443267822265625
Hinge_10_Pin__4.binvox,0.005443572998046875
Hinge_10_Pin__5.binvox,0.004192352294921875
Hinge_10_Pin__7.binvox,0.0034942626953125
Hinge_10_Pin__8.binvox,0.005588531494140625
Hinge_1_LeafLeft__1.binvox,0.017591476440429688
Hinge_1_LeafLeft__10.binvox,0.018462181091308594
Hinge_1_LeafLeft__3.binvox,0.013615608215332031
Hinge_1_LeafLeft__4.binvox,0.021686553955078125
Hinge_1_LeafLeft__5.binvox,0.02094745635986328
Hinge_1_LeafLeft__7.binvox,0.021119117736816406
Hinge_1_LeafLeft__8.binvox,0.019109725952148438
Hinge_1_LeafRight__1.binvox,0.0151824951171875
Hinge_1_LeafRight__10.binvox,0.014475345611572266
Hinge_1_LeafRight__3.binvox,0.011755943298339844
Hinge_1_LeafRight__4.binvox,0.01871967315673828
Hinge_1_LeafRight__5.binvox,0.017960548400878906
Hinge_1_LeafRight__7.binvox,0.017827987670898438
Hinge_1_LeafRight__8.binvox,0.01730823516845703
Hinge_1_Pin__1.binvox,0.005859375
Hinge_1_Pin__10.binvox,0.003662109375
Hinge_1_Pin__3.binvox,0.00537109375
Hinge_1_Pin__4.binvox,0.007495880126953125
Hinge_1_Pin__5.binvox,0.0068359375
Hinge_1_Pin__7.binvox,0.004638671875
Hinge_1_Pin__8.binvox,0.004638671875
Hinge_2_LeafLeft__1.binvox,0.010218620300292969
Hinge_2_LeafLeft__10.binvox,0.00780487060546875
Hinge_2_LeafLeft__3.binvox,0.007323265075683594
Hinge_2_LeafLeft__4.binvox,0.013599395751953125
Hinge_2_LeafLeft__5.binvox,0.010636329650878906
Hinge_2_LeafLeft__7.binvox,0.008196353912353516
Hinge_2_LeafLeft__8.binvox,0.009569168090820312
Hinge_2_LeafRight__1.binvox,0.012080192565917969
Hinge_2_LeafRight__10.binvox,0.008734703063964844
Hinge_2_LeafRight__3.binvox,0.008757591247558594
Hinge_2_LeafRight__4.binvox,0.015796661376953125
Hinge_2_LeafRight__5.binvox,0.012551307678222656
Hinge_2_LeafRight__7.binvox,0.009509563446044922
Hinge_2_LeafRight__8.binvox,0.011440277099609375
Hinge_2_Pin__1.binvox,0.003173828125
Hinge_2_Pin__10.binvox,0.0009765625
Hinge_2_Pin__3.binvox,0.002685546875
Hinge_2_Pin__4.binvox,0.004150390625
Hinge_2_Pin__5.binvox,0.00390625
Hinge_2_Pin__7.binvox,0.002685546875
Hinge_2_Pin__8.binvox,0.003173828125
Hinge_3_LeafLeft__1.binvox,0.001201629638671875
Hinge_3_LeafLeft__10.binvox,0.003799915313720703
Hinge_3_LeafLeft__3.binvox,0.001140594482421875
Hinge_3_LeafLeft__4.binvox,0.001262664794921875
Hinge_3_LeafLeft__5.binvox,0.00212860107421875
Hinge_3_LeafLeft__7.binvox,0.004004478454589844
Hinge_3_LeafLeft__8.binvox,0.004036426544189453
Hinge_3_LeafRight__1.binvox,0.001323699951171875
Hinge_3_LeafRight__10.binvox,0.004654407501220703
Hinge_3_LeafRight__3.binvox,0.001262664794921875
Hinge_3_LeafRight__4.binvox,0.001415252685546875
Hinge_3_LeafRight__5.binvox,0.00225067138671875
Hinge_3_LeafRight__7.binvox,0.004429817199707031
Hinge_3_LeafRight__8.binvox,0.004413127899169922
Hinge_3_Pin__1.binvox,0.000244140625
Hinge_3_Pin__10.binvox,0.00194549560546875
Hinge_3_Pin__3.binvox,0.000244140625
Hinge_3_Pin__4.binvox,0.000244140625
Hinge_3_Pin__5.binvox,0.000244140625
Hinge_3_Pin__7.binvox,0.0009765625
Hinge_3_Pin__8.binvox,0.0009765625
Hinge_4_LeafLeft__1.binvox,0.015075206756591797
Hinge_4_LeafLeft__10.binvox,0.01021432876586914
Hinge_4_LeafLeft__3.binvox,0.014086246490478516
Hinge_4_LeafLeft__4.binvox,0.019652843475341797
Hinge_4_LeafLeft__5.binvox,0.018983840942382812
Hinge_4_LeafLeft__7.binvox,0.011211395263671875
Hinge_4_LeafLeft__8.binvox,0.010141372680664062
Hinge_4_LeafRight__1.binvox,0.012941360473632812
Hinge_4_LeafRight__10.binvox,0.0092926025390625
Hinge_4_LeafRight__3.binvox,0.012333869934082031
Hinge_4_LeafRight__4.binvox,0.016982555389404297
Hinge_4_LeafRight__5.binvox,0.016563892364501953
Hinge_4_LeafRight__7.binvox,0.010026931762695312
Hinge_4_LeafRight__8.binvox,0.009329795837402344
Hinge_4_Pin__1.binvox,0.00443267822265625
Hinge_4_Pin__10.binvox,0.00356292724609375
Hinge_4_Pin__3.binvox,0.00365447998046875
Hinge_4_Pin__4.binvox,0.005484580993652344
Hinge_4_Pin__5.binvox,0.004717826843261719
Hinge_4_Pin__7.binvox,0.002475738525390625
Hinge_4_Pin__8.binvox,0.003997802734375
Hinge_5_LeafLeft__1.binvox,0.06454753875732422
Hinge_5_LeafLeft__10.binvox,0.034717559814453125
Hinge_5_LeafLeft__3.binvox,0.05402851104736328
Hinge_5_LeafLeft__4.binvox,0.07980489730834961
Hinge_5_LeafLeft__5.binvox,0.07318925857543945
Hinge_5_LeafLeft__7.binvox,0.0570063591003418
Hinge_5_LeafLeft__8.binvox,0.09500694274902344
Hinge_5_LeafRight__1.binvox,0.06711006164550781
Hinge_5_LeafRight__10.binvox,0.041104793548583984
Hinge_5_LeafRight__3.binvox,0.05610466003417969
Hinge_5_LeafRight__4.binvox,0.08298110961914062
Hinge_5_LeafRight__5.binvox,0.07605552673339844
Hinge_5_LeafRight__7.binvox,0.06718301773071289
Hinge_5_LeafRight__8.binvox,0.11160850524902344
Hinge_5_Pin__1.binvox,0.00537109375
Hinge_5_Pin__10.binvox,0.012624740600585938
Hinge_5_Pin__3.binvox,0.004150390625
Hinge_5_Pin__4.binvox,0.00634765625
Hinge_5_Pin__5.binvox,0.005615234375
Hinge_5_Pin__7.binvox,0.020153045654296875
Hinge_5_Pin__8.binvox,0.032958984375
Hinge_6_LeafLeft__1.binvox,0.06848573684692383
Hinge_6_LeafLeft__10.binvox,0.053121089935302734
Hinge_6_LeafLeft__3.binvox,0.05507612228393555
Hinge_6_LeafLeft__4.binvox,0.08500051498413086
Hinge_6_LeafLeft__5.binvox,0.0747380256652832
Hinge_6_LeafLeft__7.binvox,0.06873035430908203
Hinge_6_LeafLeft__8.binvox,0.06372308731079102
Hinge_6_LeafRight__1.binvox,0.06982231140136719
Hinge_6_LeafRight__10.binvox,0.04912853240966797
Hinge_6_LeafRight__3.binvox,0.05593585968017578
Hinge_6_LeafRight__4.binvox,0.08662700653076172
Hinge_6_LeafRight__5.binvox,0.07609081268310547
Hinge_6_LeafRight__7.binvox,0.07005643844604492
Hinge_6_LeafRight__8.binvox,0.06480836868286133
Hinge_6_Pin__1.binvox,0.018310546875
Hinge_6_Pin__10.binvox,0.02313995361328125
Hinge_6_Pin__3.binvox,0.015380859375
Hinge_6_Pin__4.binvox,0.02294921875
Hinge_6_Pin__5.binvox,0.020748138427734375
Hinge_6_Pin__7.binvox,0.018217086791992188
Hinge_6_Pin__8.binvox,0.0286865234375
Hinge_7_LeafLeft__1.binvox,0.043233394622802734
Hinge_7_LeafLeft__10.binvox,0.0619359016418457
Hinge_7_LeafLeft__3.binvox,0.03518486022949219
Hinge_7_LeafLeft__4.binvox,0.05305051803588867
Hinge_7_LeafLeft__5.binvox,0.04792642593383789
Hinge_7_LeafLeft__7.binvox,0.028049468994140625
Hinge_7_LeafLeft__8.binvox,0.0366673469543457
Hinge_7_LeafRight__1.binvox,0.04324007034301758
Hinge_7_LeafRight__10.binvox,0.055090904235839844
Hinge_7_LeafRight__3.binvox,0.03518486022949219
Hinge_7_LeafRight__4.binvox,0.05305051803588867
Hinge_7_LeafRight__5.binvox,0.04792213439941406
Hinge_7_LeafRight__7.binvox,0.024810314178466797
Hinge_7_LeafRight__8.binvox,0.029639720916748047
Hinge_7_Pin__1.binvox,0.0041980743408203125
Hinge_7_Pin__10.binvox,0.010290145874023438
Hinge_7_Pin__3.binvox,0.003692626953125
Hinge_7_Pin__4.binvox,0.0051898956298828125
Hinge_7_Pin__5.binvox,0.00445556640625
Hinge_7_Pin__7.binvox,0.009115219116210938
Hinge_7_Pin__8.binvox,0.010407447814941406
Hinge_8_LeafLeft__1.binvox,0.04326438903808594
Hinge_8_LeafLeft__10.binvox,0.01837015151977539
Hinge_8_LeafLeft__3.binvox,0.035268306732177734
Hinge_8_LeafLeft__4.binvox,0.05580425262451172
Hinge_8_LeafLeft__5.binvox,0.04835987091064453
Hinge_8_LeafLeft__7.binvox,0.039884090423583984
Hinge_8_LeafLeft__8.binvox,0.03629112243652344
Hinge_8_LeafRight__1.binvox,0.03874683380126953
Hinge_8_LeafRight__10.binvox,0.014440059661865234
Hinge_8_LeafRight__3.binvox,0.0315093994140625
Hinge_8_LeafRight__4.binvox,0.05002784729003906
Hinge_8_LeafRight__5.binvox,0.04321861267089844
Hinge_8_LeafRight__7.binvox,0.03591156005859375
Hinge_8_LeafRight__8.binvox,0.03236961364746094
Hinge_8_Pin__1.binvox,0.001953125
Hinge_8_Pin__10.binvox,0.0103302001953125
Hinge_8_Pin__3.binvox,0.001708984375
Hinge_8_Pin__4.binvox,0.00244140625
Hinge_8_Pin__5.binvox,0.00197601318359375
Hinge_8_Pin__7.binvox,0.0068359375
Hinge_8_Pin__8.binvox,0.0069580078125
Hinge_9_LeafLeft__1.binvox,0.022876739501953125
Hinge_9_LeafLeft__10.binvox,0.011260032653808594
Hinge_9_LeafLeft__3.binvox,0.01855754852294922
Hinge_9_LeafLeft__4.binvox,0.024127960205078125
Hinge_9_LeafLeft__5.binvox,0.023365020751953125
Hinge_9_LeafLeft__7.binvox,0.011395454406738281
Hinge_9_LeafLeft__8.binvox,0.017557144165039062
Hinge_9_LeafRight__1.binvox,0.022876739501953125
Hinge_9_LeafRight__10.binvox,0.01257467269897461
Hinge_9_LeafRight__3.binvox,0.0185699462890625
Hinge_9_LeafRight__4.binvox,0.024127960205078125
Hinge_9_LeafRight__5.binvox,0.023365020751953125
Hinge_9_LeafRight__7.binvox,0.012755870819091797
Hinge_9_LeafRight__8.binvox,0.019354820251464844
Hinge_9_Pin__1.binvox,0.00502777099609375
Hinge_9_Pin__10.binvox,0.00313568115234375
Hinge_9_Pin__3.binvox,0.004276275634765625
Hinge_9_Pin__4.binvox,0.006053924560546875
Hinge_9_Pin__5.binvox,0.005528926849365234
Hinge_9_Pin__7.binvox,0.0037746429443359375
Hinge_9_Pin__8.binvox,0.00146484375
Latch_10_BottomPlate__1.binvox,0.05060386657714844
Latch_10_BottomPlate__10.binvox,0.038852691650390625
Latch_10_BottomPlate__3.binvox,0.04934501647949219
Latch_10_BottomPlate__4.binvox,0.040843963623046875
Latch_10_BottomPlate__5.binvox,0.04436492919921875
Latch_10_BottomPlate__7.binvox,0.034885406494140625
Latch_10_BottomPlate__8.binvox,0.034923553466796875
Latch_10_BuckledRing__1.binvox,0.006844520568847656
Latch_10_BuckledRing__10.binvox,0.006446361541748047
Latch_10_BuckledRing__3.binvox,0.008368492126464844
Latch_10_BuckledRing__4.binvox,0.005465030670166016
Latch_10_BuckledRing__5.binvox,0.006220340728759766
Latch_10_BuckledRing__7.binvox,0.007056713104248047
Latch_10_BuckledRing__8.binvox,0.007056713104248047
Latch_10_ControlPanel__1.binvox,0.011101722717285156
Latch_10_ControlPanel__10.binvox,0.009600639343261719
Latch_10_ControlPanel__3.binvox,0.014179229736328125
Latch_10_ControlPanel__4.binvox,0.00816965103149414
Latch_10_ControlPanel__5.binvox,0.010630130767822266
Latch_10_ControlPanel__7.binvox,0.010683059692382812
Latch_10_ControlPanel__8.binvox,0.011015892028808594
Latch_10_Rivet__1.binvox,0.015735626220703125
Latch_10_Rivet__10.binvox,0.03378009796142578
Latch_10_Rivet__3.binvox,0.010904312133789062
Latch_10_Rivet__4.binvox,0.024881839752197266
Latch_10_Rivet__5.binvox,0.01904296875
Latch_10_Rivet__7.binvox,0.012115955352783203
Latch_10_Rivet__8.binvox,0.012115955352783203
Latch_10_StrikePlate__1.binvox,0.022686004638671875
Latch_10_StrikePlate__10.binvox,0.012857437133789062
Latch_10_StrikePlate__3.binvox,0.018030166625976562
Latch_10_StrikePlate__4.binvox,0.036895751953125
Latch_10_StrikePlate__5.binvox,0.03173065185546875
Latch_10_StrikePlate__7.binvox,0.009068489074707031
Latch_10_StrikePlate__8.binvox,0.011264801025390625
Latch_1_BottomPlate__1.binvox,0.021048545837402344
Latch_1_BottomPlate__10.binvox,0.022403717041015625
Latch_1_BottomPlate__3.binvox,0.01363992691040039
Latch_1_BottomPlate__4.binvox,0.03749656677246094
Latch_1_BottomPlate__5.binvox,0.014285087585449219
Latch_1_BottomPlate__7.binvox,0.025037288665771484
Latch_1_BottomPlate__8.binvox,0.02142047882080078
Latch_1_BuckledRing__1.binvox,0.015547752380371094
Latch_1_BuckledRing__10.binvox,0.01309967041015625
Latch_1_BuckledRing__3.binvox,0.020316123962402344
Latch_1_BuckledRing__4.binvox,0.004837512969970703
Latch_1_BuckledRing__5.binvox,0.021393299102783203
Latch_1_BuckledRing__7.binvox,0.012686729431152344
Latch_1_BuckledRing__8.binvox,0.02136516571044922
Latch_1_ControlPanel__1.binvox,0.020236968994140625
Latch_1_ControlPanel__10.binvox,0.02025604248046875
Latch_1_ControlPanel__3.binvox,0.012310981750488281
Latch_1_ControlPanel__4.binvox,0.03452587127685547
Latch_1_ControlPanel__5.binvox,0.014300346374511719
Latch_1_ControlPanel__7.binvox,0.02312183380126953
Latch_1_ControlPanel__8.binvox,0.020599365234375
Latch_1_Rivet__1.binvox,0.015239238739013672
Latch_1_Rivet__10.binvox,0.007457256317138672
Latch_1_Rivet__3.binvox,0.03459882736206055
Latch_1_Rivet__4.binvox,0.004669666290283203
Latch_1_Rivet__5.binvox,0.030792236328125
Latch_1_Rivet__7.binvox,0.009530067443847656
Latch_1_Rivet__8.binvox,0.005626201629638672
Latch_1_StrikePlate__1.binvox,0.030025482177734375
Latch_1_StrikePlate__10.binvox,0.02856922149658203
Latch_1_StrikePlate__3.binvox,0.07491731643676758
Latch_1_StrikePlate__4.binvox,0.010581016540527344
Latch_1_StrikePlate__5.binvox,0.0644841194152832
Latch_1_StrikePlate__7.binvox,0.03110504150390625
Latch_1_StrikePlate__8.binvox,0.02640533447265625
Latch_2_BottomPlate__1.binvox,0.04755210876464844
Latch_2_BottomPlate__10.binvox,0.026123046875
Latch_2_BottomPlate__3.binvox,0.029951095581054688
Latch_2_BottomPlate__4.binvox,0.051033973693847656
Latch_2_BottomPlate__5.binvox,0.051708221435546875
Latch_2_BottomPlate__7.binvox,0.030649185180664062
Latch_2_BottomPlate__8.binvox,0.034821510314941406
Latch_2_BuckledRing__1.binvox,0.008762359619140625
Latch_2_BuckledRing__10.binvox,0.009727954864501953
Latch_2_BuckledRing__3.binvox,0.013396263122558594
Latch_2_BuckledRing__4.binvox,0.009765148162841797
Latch_2_BuckledRing__5.binvox,0.009883403778076172
Latch_2_BuckledRing__7.binvox,0.011395931243896484
Latch_2_BuckledRing__8.binvox,0.010985851287841797
Latch_2_ControlPanel__1.binvox,0.011898517608642578
Latch_2_ControlPanel__10.binvox,0.010155677795410156
Latch_2_ControlPanel__3.binvox,0.01877880096435547
Latch_2_ControlPanel__4.binvox,0.014553546905517578
Latch_2_ControlPanel__5.binvox,0.014704227447509766
Latch_2_ControlPanel__7.binvox,0.012375354766845703
Latch_2_ControlPanel__8.binvox,0.012917518615722656
Latch_2_Rivet__1.binvox,0.015976905822753906
Latch_2_Rivet__10.binvox,0.01624011993408203
Latch_2_Rivet__3.binvox,0.007397174835205078
Latch_2_Rivet__4.binvox,0.01280069351196289
Latch_2_Rivet__5.binvox,0.01252603530883789
Latch_2_Rivet__7.binvox,0.030086040496826172
Latch_2_Rivet__8.binvox,0.021461009979248047
Latch_2_StrikePlate__1.binvox,0.022645950317382812
Latch_2_StrikePlate__10.binvox,0.017128944396972656
Latch_2_StrikePlate__3.binvox,0.010227203369140625
Latch_2_StrikePlate__4.binvox,0.019804000854492188
Latch_2_StrikePlate__5.binvox,0.01955890655517578
Latch_2_StrikePlate__7.binvox,0.012457847595214844
Latch_2_StrikePlate__8.binvox,0.023378372192382812
Latch_3_BottomPlate__1.binvox,0.05122566223144531
Latch_3_BottomPlate__10.binvox,0.040656089782714844
Latch_3_BottomPlate__3.binvox,0.05185890197753906
Latch_3_BottomPlate__4.binvox,0.04363250732421875
Latch_3_BottomPlate__5.binvox,0.04491996765136719
Latch_3_BottomPlate__7.binvox,0.05360603332519531
Latch_3_BottomPlate__8.binvox,0.045205116271972656
Latch_3_BuckledRing__1.binvox,0.007559776306152344
Latch_3_BuckledRing__10.binvox,0.013262748718261719
Latch_3_BuckledRing__3.binvox,0.009072303771972656
Latch_3_BuckledRing__4.binvox,0.006443977355957031
Latch_3_BuckledRing__5.binvox,0.0066986083984375
Latch_3_BuckledRing__7.binvox,0.010409355163574219
Latch_3_BuckledRing__8.binvox,0.011590003967285156
Latch_3_ControlPanel__1.binvox,0.011898517608642578
Latch_3_ControlPanel__10.binvox,0.015775203704833984
Latch_3_ControlPanel__3.binvox,0.015099525451660156
Latch_3_ControlPanel__4.binvox,0.011031150817871094
Latch_3_ControlPanel__5.binvox,0.011330604553222656
Latch_3_ControlPanel__7.binvox,0.010393142700195312
Latch_3_ControlPanel__8.binvox,0.0111846923828125
Latch_3_Rivet__1.binvox,0.015976905822753906
Latch_3_Rivet__10.binvox,0.02369403839111328
Latch_3_Rivet__3.binvox,0.010972976684570312
Latch_3_Rivet__4.binvox,0.022012710571289062
Latch_3_Rivet__5.binvox,0.019915103912353516
Latch_3_Rivet__7.binvox,0.01799488067626953
Latch_3_Rivet__8.binvox,0.01802206039428711
Latch_3_StrikePlate__1.binvox,0.022645950317382812
Latch_3_StrikePlate__10.binvox,0.023206710815429688
Latch_3_StrikePlate__3.binvox,0.01805877685546875
Latch_3_StrikePlate__4.binvox,0.03388500213623047
Latch_3_StrikePlate__5.binvox,0.0317234992980957
Latch_3_StrikePlate__7.binvox,0.013723373413085938
Latch_3_StrikePlate__8.binvox,0.027318954467773438
Latch_4_BottomPlate__1.binvox,0.04755210876464844
Latch_4_BottomPlate__10.binvox,0.04797840118408203
Latch_4_BottomPlate__3.binvox,0.05424785614013672
Latch_4_BottomPlate__4.binvox,0.03510904312133789
Latch_4_BottomPlate__5.binvox,0.04011058807373047
Latch_4_BottomPlate__7.binvox,0.04584312438964844
Latch_4_BottomPlate__8.binvox,0.044742584228515625
Latch_4_BuckledRing__1.binvox,0.010354995727539062
Latch_4_BuckledRing__10.binvox,0.010332107543945312
Latch_4_BuckledRing__3.binvox,0.012214183807373047
Latch_4_BuckledRing__4.binvox,0.0082550048828125
Latch_4_BuckledRing__5.binvox,0.014262676239013672
Latch_4_BuckledRing__7.binvox,0.010504722595214844
Latch_4_BuckledRing__8.binvox,0.009412765502929688
Latch_4_ControlPanel__1.binvox,0.011898517608642578
Latch_4_ControlPanel__10.binvox,0.018373489379882812
Latch_4_ControlPanel__3.binvox,0.012623786926269531
Latch_4_ControlPanel__4.binvox,0.010589599609375
Latch_4_ControlPanel__5.binvox,0.0179290771484375
Latch_4_ControlPanel__7.binvox,0.0110626220703125
Latch_4_ControlPanel__8.binvox,0.010347366333007812
Latch_4_Rivet__1.binvox,0.01839160919189453
Latch_4_Rivet__10.binvox,0.0115814208984375
Latch_4_Rivet__3.binvox,0.014339923858642578
Latch_4_Rivet__4.binvox,0.031010150909423828
Latch_4_Rivet__5.binvox,0.010464668273925781
Latch_4_Rivet__7.binvox,0.01450967788696289
Latch_4_Rivet__8.binvox,0.011559009552001953
Latch_4_StrikePlate__1.binvox,0.022645950317382812
Latch_4_StrikePlate__10.binvox,0.013903617858886719
Latch_4_StrikePlate__3.binvox,0.019039154052734375
Latch_4_StrikePlate__4.binvox,0.04174613952636719
Latch_4_StrikePlate__5.binvox,0.015905380249023438
Latch_4_StrikePlate__7.binvox,0.014190673828125
Latch_4_StrikePlate__8.binvox,0.012968063354492188
Latch_5_BottomPlate__1.binvox,0.011847496032714844
Latch_5_BottomPlate__10.binvox,0.01759624481201172
Latch_5_BottomPlate__3.binvox,0.01445770263671875
Latch_5_BottomPlate__4.binvox,0.010366439819335938
Latch_5_BottomPlate__5.binvox,0.009419918060302734
Latch_5_BottomPlate__7.binvox,0.011759757995605469
Latch_5_BottomPlate__8.binvox,0.011775016784667969
Latch_5_BuckledRing__1.binvox,0.01556253433227539
Latch_5_BuckledRing__10.binvox,0.009124279022216797
Latch_5_BuckledRing__3.binvox,0.01869344711303711
Latch_5_BuckledRing__4.binvox,0.014007568359375
Latch_5_BuckledRing__5.binvox,0.012458324432373047
Latch_5_BuckledRing__7.binvox,0.014983654022216797
Latch_5_BuckledRing__8.binvox,0.014736175537109375
Latch_5_ControlPanel__1.binvox,0.022217273712158203
Latch_5_ControlPanel__10.binvox,0.028138160705566406
Latch_5_ControlPanel__3.binvox,0.026823997497558594
Latch_5_ControlPanel__4.binvox,0.019474029541015625
Latch_5_ControlPanel__5.binvox,0.017765045166015625
Latch_5_ControlPanel__7.binvox,0.026595592498779297
Latch_5_ControlPanel__8.binvox,0.025040626525878906
Latch_5_Rivet__1.binvox,0.009985923767089844
Latch_5_Rivet__10.binvox,0.00444793701171875
Latch_5_Rivet__3.binvox,0.0071430206298828125
Latch_5_Rivet__4.binvox,0.01226663589477539
Latch_5_Rivet__5.binvox,0.016045093536376953
Latch_5_Rivet__7.binvox,0.008220195770263672
Latch_5_Rivet__8.binvox,0.006926059722900391
Latch_5_StrikePlate__1.binvox,0.03909015655517578
Latch_5_StrikePlate__10.binvox,0.1079258918762207
Latch_5_StrikePlate__3.binvox,0.027294635772705078
Latch_5_StrikePlate__4.binvox,0.04861593246459961
Latch_5_StrikePlate__5.binvox,0.054289817810058594
Latch_5_StrikePlate__7.binvox,0.045022010803222656
Latch_5_StrikePlate__8.binvox,0.06540584564208984
Latch_6_BottomPlate__1.binvox,0.01878643035888672
Latch_6_BottomPlate__10.binvox,0.012929916381835938
Latch_6_BottomPlate__3.binvox,0.021688461303710938
Latch_6_BottomPlate__4.binvox,0.015235424041748047
Latch_6_BottomPlate__5.binvox,0.017067909240722656
Latch_6_BottomPlate__7.binvox,0.017620563507080078
Latch_6_BottomPlate__8.binvox,0.01683950424194336
Latch_6_BuckledRing__1.binvox,0.007947444915771484
Latch_6_BuckledRing__10.binvox,0.010060787200927734
Latch_6_BuckledRing__3.binvox,0.009639739990234375
Latch_6_BuckledRing__4.binvox,0.006367206573486328
Latch_6_BuckledRing__5.binvox,0.007144927978515625
Latch_6_BuckledRing__7.binvox,0.010378360748291016
Latch_6_BuckledRing__8.binvox,0.007847785949707031
Latch_6_ControlPanel__1.binvox,0.011323928833007812
Latch_6_ControlPanel__10.binvox,0.010859489440917969
Latch_6_ControlPanel__3.binvox,0.013613700866699219
Latch_6_ControlPanel__4.binvox,0.008808612823486328
Latch_6_ControlPanel__5.binvox,0.009663105010986328
Latch_6_ControlPanel__7.binvox,0.010184764862060547
Latch_6_ControlPanel__8.binvox,0.009914398193359375
Latch_6_Rivet__1.binvox,0.011552810668945312
Latch_6_Rivet__10.binvox,0.004614353179931641
Latch_6_Rivet__3.binvox,0.008192062377929688
Latch_6_Rivet__4.binvox,0.018237590789794922
Latch_6_Rivet__5.binvox,0.014290332794189453
Latch_6_Rivet__7.binvox,0.00983285903930664
Latch_6_Rivet__8.binvox,0.00809335708618164
Latch_6_StrikePlate__1.binvox,0.019573688507080078
Latch_6_StrikePlate__10.binvox,0.020638465881347656
Latch_6_StrikePlate__3.binvox,0.01203155517578125
Latch_6_StrikePlate__4.binvox,0.03158378601074219
Latch_6_StrikePlate__5.binvox,0.022964954376220703
Latch_6_StrikePlate__7.binvox,0.024381160736083984
Latch_6_StrikePlate__8.binvox,0.024363994598388672
Latch_7_BottomPlate__1.binvox,0.03444099426269531
Latch_7_BottomPlate__10.binvox,0.02745342254638672
Latch_7_BottomPlate__3.binvox,0.04363059997558594
Latch_7_BottomPlate__4.binvox,0.026660919189453125
Latch_7_BottomPlate__5.binvox,0.029631614685058594
Latch_7_BottomPlate__7.binvox,0.02834606170654297
Latch_7_BottomPlate__8.binvox,0.02741718292236328
Latch_7_BuckledRing__1.binvox,0.005229473114013672
Latch_7_BuckledRing__10.binvox,0.007409572601318359
Latch_7_BuckledRing__3.binvox,0.0065898895263671875
Latch_7_BuckledRing__4.binvox,0.004435539245605469
Latch_7_BuckledRing__5.binvox,0.004716396331787109
Latch_7_BuckledRing__7.binvox,0.005669116973876953
Latch_7_BuckledRing__8.binvox,0.006537437438964844
Latch_7_ControlPanel__1.binvox,0.040021419525146484
Latch_7_ControlPanel__10.binvox,0.039040565490722656
Latch_7_ControlPanel__3.binvox,0.04269886016845703
Latch_7_ControlPanel__4.binvox,0.03325939178466797
Latch_7_ControlPanel__5.binvox,0.034511566162109375
Latch_7_ControlPanel__7.binvox,0.03319835662841797
Latch_7_ControlPanel__8.binvox,0.033347129821777344
Latch_7_Rivet__1.binvox,0.029230594635009766
Latch_7_Rivet__10.binvox,0.011516571044921875
Latch_7_Rivet__3.binvox,0.011484146118164062
Latch_7_Rivet__4.binvox,0.08946847915649414
Latch_7_Rivet__5.binvox,0.04984331130981445
Latch_7_Rivet__7.binvox,0.02147960662841797
Latch_7_Rivet__8.binvox,0.017582416534423828
Latch_7_StrikePlate__1.binvox,0.022710323333740234
Latch_7_StrikePlate__10.binvox,0.01418304443359375
Latch_7_StrikePlate__3.binvox,0.010196685791015625
Latch_7_StrikePlate__4.binvox,0.07434844970703125
Latch_7_StrikePlate__5.binvox,0.040714263916015625
Latch_7_StrikePlate__7.binvox,0.012642860412597656
Latch_7_StrikePlate__8.binvox,0.02382183074951172
Latch_8_BottomPlate__1.binvox,0.018836021423339844
Latch_8_BottomPlate__10.binvox,0.018197059631347656
Latch_8_BottomPlate__3.binvox,0.023294448852539062
Latch_8_BottomPlate__4.binvox,0.015295028686523438
Latch_8_BottomPlate__5.binvox,0.01699066162109375
Latch_8_BottomPlate__7.binvox,0.01708221435546875
Latch_8_BottomPlate__8.binvox,0.01701641082763672
Latch_8_BuckledRing__1.binvox,0.03243064880371094
Latch_8_BuckledRing__10.binvox,0.03294515609741211
Latch_8_BuckledRing__3.binvox,0.026642799377441406
Latch_8_BuckledRing__4.binvox,0.026436805725097656
Latch_8_BuckledRing__5.binvox,0.029364585876464844
Latch_8_BuckledRing__7.binvox,0.031064510345458984
Latch_8_BuckledRing__8.binvox,0.03157520294189453
Latch_8_ControlPanel__1.binvox,0.011728286743164062
Latch_8_ControlPanel__10.binvox,0.010529518127441406
Latch_8_ControlPanel__3.binvox,0.013143539428710938
Latch_8_ControlPanel__4.binvox,0.010386943817138672
Latch_8_ControlPanel__5.binvox,0.01113748550415039
Latch_8_ControlPanel__7.binvox,0.010529518127441406
Latch_8_ControlPanel__8.binvox,0.010529518127441406
Latch_8_Rivet__1.binvox,0.019540786743164062
Latch_8_Rivet__10.binvox,0.009265899658203125
Latch_8_Rivet__3.binvox,0.013370513916015625
Latch_8_Rivet__4.binvox,0.02996969223022461
Latch_8_Rivet__5.binvox,0.023775100708007812
Latch_8_Rivet__7.binvox,0.023298263549804688
Latch_8_Rivet__8.binvox,0.01192474365234375
Latch_8_StrikePlate__1.binvox,0.021291732788085938
Latch_8_StrikePlate__10.binvox,0.030806541442871094
Latch_8_StrikePlate__3.binvox,0.014588356018066406
Latch_8_StrikePlate__4.binvox,0.03564739227294922
Latch_8_StrikePlate__5.binvox,0.027503013610839844
Latch_8_StrikePlate__7.binvox,0.025687217712402344
Latch_8_StrikePlate__8.binvox,0.02574920654296875
Latch_9_BottomPlate__1.binvox,0.012922286987304688
Latch_9_BottomPlate__10.binvox,0.016185760498046875
Latch_9_BottomPlate__3.binvox,0.016878128051757812
Latch_9_BottomPlate__4.binvox,0.010601043701171875
Latch_9_BottomPlate__5.binvox,0.012205123901367188
Latch_9_BottomPlate__7.binvox,0.011482715606689453
Latch_9_BottomPlate__8.binvox,0.013079643249511719
Latch_9_BuckledRing__1.binvox,0.008996963500976562
Latch_9_BuckledRing__10.binvox,0.008632183074951172
Latch_9_BuckledRing__3.binvox,0.010950088500976562
Latch_9_BuckledRing__4.binvox,0.0069675445556640625
Latch_9_BuckledRing__5.binvox,0.00802469253540039
Latch_9_BuckledRing__7.binvox,0.00786733627319336
Latch_9_BuckledRing__8.binvox,0.00786733627319336
Latch_9_ControlPanel__1.binvox,0.013184547424316406
Latch_9_ControlPanel__10.binvox,0.010080337524414062
Latch_9_ControlPanel__3.binvox,0.014330387115478516
Latch_9_ControlPanel__4.binvox,0.010158538818359375
Latch_9_ControlPanel__5.binvox,0.010772705078125
Latch_9_ControlPanel__7.binvox,0.010955810546875
Latch_9_ControlPanel__8.binvox,0.010494232177734375
Latch_9_Rivet__1.binvox,0.027611255645751953
Latch_9_Rivet__10.binvox,0.010311603546142578
Latch_9_Rivet__3.binvox,0.019467830657958984
Latch_9_Rivet__4.binvox,0.0440058708190918
Latch_9_Rivet__5.binvox,0.03430032730102539
Latch_9_Rivet__7.binvox,0.02782440185546875
Latch_9_Rivet__8.binvox,0.02150869369506836
Latch_9_StrikePlate__1.binvox,0.021055221557617188
Latch_9_StrikePlate__10.binvox,0.028603553771972656
Latch_9_StrikePlate__3.binvox,0.016571998596191406
Latch_9_StrikePlate__4.binvox,0.03474235534667969
Latch_9_StrikePlate__5.binvox,0.027158737182617188
Latch_9_StrikePlate__7.binvox,0.015764236450195312
Latch_9_StrikePlate__8.binvox,0.02987957000732422
Piston_11_ConnectingRod__1.binvox,0.013207435607910156
Piston_11_PistonHead__1.binvox,0.34659671783447266
Piston_11_WristPin__1.binvox,0.03624153137207031
Piston_16_ConnectingRod__1.binvox,0.05819511413574219
Piston_16_PistonHead__1.binvox,0.28505516052246094
Piston_16_RodBolt__1.binvox,0.015236377716064453
Piston_16_RodCap__1.binvox,0.05403327941894531
Piston_16_RodNut__1.binvox,0.1888265609741211
Piston_16_WristPin__1.binvox,0.012432098388671875
Piston_17_ConnectingRod__1.binvox,0.021498680114746094
Piston_17_PistonHead__1.binvox,0.30024242401123047
Piston_17_RodBolt__1.binvox,0.0099639892578125
Piston_17_RodCap__1.binvox,0.09182453155517578
Piston_17_RodNut__1.binvox,0.23950815200805664
Piston_17_WristPin__1.binvox,0.03343772888183594
Piston_18_ConnectingRod__1.binvox,0.014944076538085938
Piston_18_PistonHead__1.binvox,0.32830810546875
Piston_18_RodBolt__1.binvox,0.011707782745361328
Piston_18_RodCap__1.binvox,0.15710735321044922
Piston_18_RodNut__1.binvox,0.20381832122802734
Piston_18_WristPin__1.binvox,0.04179668426513672
Piston_1_ConnectingRod__2.binvox,0.007086753845214844
Piston_1_ConnectingRod__3.binvox,0.008570671081542969
Piston_1_ConnectingRod__4.binvox,0.00336456298828125
Piston_1_ConnectingRod__5.binvox,0.004503726959228516
Piston_1_ConnectingRod__7.binvox,0.007191181182861328
Piston_1_ConnectingRod__9.binvox,0.011016845703125
Piston_1_PistonHead__2.binvox,0.3263106346130371
Piston_1_PistonHead__3.binvox,0.2990899085998535
Piston_1_PistonHead__4.binvox,0.44910144805908203
Piston_1_PistonHead__5.binvox,0.3990812301635742
Piston_1_PistonHead__7.binvox,0.5194253921508789
Piston_1_PistonHead__9.binvox,0.4506344795227051
Piston_1_WristPin__2.binvox,0.03997039794921875
Piston_1_WristPin__3.binvox,0.03679656982421875
Piston_1_WristPin__4.binvox,0.054677486419677734
Piston_1_WristPin__5.binvox,0.048736572265625
Piston_1_WristPin__7.binvox,0.0260467529296875
Piston_1_WristPin__9.binvox,0.03516101837158203
Piston_21_ConnectingRod__1.binvox,0.014809131622314453
Piston_21_PistonHead__1.binvox,0.2839469909667969
Piston_21_WristPin__1.binvox,0.0445098876953125
Piston_22_ConnectingRod__1.binvox,0.018278121948242188
Piston_22_PistonHead__1.binvox,0.13936614990234375
Piston_22_WristPin__1.binvox,0.007308483123779297
Piston_23_ConnectingRod__1.binvox,0.010487556457519531
Piston_23_PistonHead__1.binvox,0.22254276275634766
Piston_23_WristPin__1.binvox,0.08640670776367188
Piston_24_ConnectingRod__1.binvox,0.009752273559570312
Piston_24_PistonHead__1.binvox,0.21555805206298828
Piston_24_WristPin__1.binvox,0.10642623901367188
Piston_25_ConnectingRod__2.binvox,0.011347770690917969
Piston_25_ConnectingRod__3.binvox,0.009458541870117188
Piston_25_ConnectingRod__4.binvox,0.014917373657226562
Piston_25_ConnectingRod__5.binvox,0.013316154479980469
Piston_25_ConnectingRod__7.binvox,0.011015892028808594
Piston_25_ConnectingRod__9.binvox,0.011765003204345703
Piston_25_PistonHead__2.binvox,0.20622539520263672
Piston_25_PistonHead__3.binvox,0.18915796279907227
Piston_25_PistonHead__4.binvox,0.2008061408996582
Piston_25_PistonHead__5.binvox,0.2526211738586426
Piston_25_PistonHead__7.binvox,0.2588357925415039
Piston_25_PistonHead__9.binvox,0.22940444946289062
Piston_25_RodBolt__2.binvox,0.005682468414306641
Piston_25_RodBolt__3.binvox,0.005230903625488281
Piston_25_RodBolt__4.binvox,0.007818222045898438
Piston_25_RodBolt__5.binvox,0.006961345672607422
Piston_25_RodBolt__7.binvox,0.004979610443115234
Piston_25_RodBolt__9.binvox,0.00583648681640625
Piston_25_RodCap__2.binvox,0.08693170547485352
Piston_25_RodCap__3.binvox,0.07914924621582031
Piston_25_RodCap__4.binvox,0.11944580078125
Piston_25_RodCap__5.binvox,0.10929679870605469
Piston_25_RodCap__7.binvox,0.07968950271606445
Piston_25_RodCap__9.binvox,0.06917238235473633
Piston_25_WristPin__2.binvox,0.10332775115966797
Piston_25_WristPin__3.binvox,0.12317943572998047
Piston_25_WristPin__4.binvox,0.055187225341796875
Piston_25_WristPin__5.binvox,0.06953811645507812
Piston_25_WristPin__7.binvox,0.09619140625
Piston_25_WristPin__9.binvox,0.07449531555175781
Piston_27_ConnectingRod__1.binvox,0.009697914123535156
Piston_27_PistonHead__1.binvox,0.2226543426513672
Piston_27_WristPin__1.binvox,0.08616828918457031
Piston_28_ConnectingRod__1.binvox,0.010785102844238281
Piston_28_PistonHead__1.binvox,0.2141861915588379
Piston_28_WristPin__1.binvox,0.11372756958007812
Piston_29_ConnectingRod__1.binvox,0.018268585205078125
Piston_29_PistonHead__1.binvox,0.12192583084106445
Piston_29_WristPin__1.binvox,0.007339954376220703
Piston_2_ConnectingRod__2.binvox,0.008358001708984375
Piston_2_ConnectingRod__3.binvox,0.006649017333984375
Piston_2_ConnectingRod__4.binvox,0.011588096618652344
Piston_2_ConnectingRod__5.binvox,0.01004648208618164
Piston_2_ConnectingRod__7.binvox,0.01136159896850586
Piston_2_ConnectingRod__9.binvox,0.0106201171875
Piston_2_PistonHead__2.binvox,0.31092262268066406
Piston_2_PistonHead__3.binvox,0.2853507995605469
Piston_2_PistonHead__4.binvox,0.21800804138183594
Piston_2_PistonHead__5.binvox,0.2761092185974121
Piston_2_PistonHead__7.binvox,0.42176008224487305
Piston_2_PistonHead__9.binvox,0.3555264472961426
Piston_2_WristPin__2.binvox,0.030918121337890625
Piston_2_WristPin__3.binvox,0.035762786865234375
Piston_2_WristPin__4.binvox,0.01570892333984375
Piston_2_WristPin__5.binvox,0.020893096923828125
Piston_2_WristPin__7.binvox,0.01318359375
Piston_2_WristPin__9.binvox,0.027749061584472656
Piston_30_ConnectingRod__1.binvox,0.011706829071044922
Piston_30_PistonHead__1.binvox,0.17157459259033203
Piston_30_WristPin__1.binvox,0.10462570190429688
Piston_32_ConnectingRod__2.binvox,0.011993408203125
Piston_32_ConnectingRod__3.binvox,0.010077476501464844
Piston_32_ConnectingRod__4.binvox,0.015531063079833984
Piston_32_ConnectingRod__5.binvox,0.014258861541748047
Piston_32_PistonHead__2.binvox,0.20646286010742188
Piston_32_PistonHead__3.binvox,0.18952560424804688
Piston_32_PistonHead__4.binvox,0.20145702362060547
Piston_32_PistonHead__5.binvox,0.25301504135131836
Piston_32_RodBolt__2.binvox,0.007214546203613281
Piston_32_RodBolt__3.binvox,0.006565570831298828
Piston_32_RodBolt__4.binvox,0.009908199310302734
Piston_32_RodBolt__5.binvox,0.008847236633300781
Piston_32_RodCap__2.binvox,0.08690166473388672
Piston_32_RodCap__3.binvox,0.07905960083007812
Piston_32_RodCap__4.binvox,0.11930561065673828
Piston_32_RodCap__5.binvox,0.10907363891601562
Piston_32_RodNut__2.binvox,0.21166372299194336
Piston_32_RodNut__3.binvox,0.19463872909545898
Piston_32_RodNut__4.binvox,0.2323908805847168
Piston_32_RodNut__5.binvox,0.25836801528930664
Piston_32_WristPin__2.binvox,0.12780380249023438
Piston_32_WristPin__3.binvox,0.15320777893066406
Piston_32_WristPin__4.binvox,0.06788253784179688
Piston_32_WristPin__5.binvox,0.08678340911865234
Piston_3_ConnectingRod__2.binvox,0.0049915313720703125
Piston_3_ConnectingRod__3.binvox,0.00514984130859375
Piston_3_ConnectingRod__4.binvox,0.003978729248046875
Piston_3_ConnectingRod__5.binvox,0.004428863525390625
Piston_3_ConnectingRod__7.binvox,0.008243560791015625
Piston_3_ConnectingRod__9.binvox,0.00830078125
Piston_3_PistonHead__2.binvox,0.27136898040771484
Piston_3_PistonHead__3.binvox,0.2447810173034668
Piston_3_PistonHead__4.binvox,0.19234704971313477
Piston_3_PistonHead__5.binvox,0.24335527420043945
Piston_3_PistonHead__7.binvox,0.24655723571777344
Piston_3_PistonHead__9.binvox,0.36353492736816406
Piston_3_WristPin__2.binvox,0.019863128662109375
Piston_3_WristPin__3.binvox,0.024234771728515625
Piston_3_WristPin__4.binvox,0.01087188720703125
Piston_3_WristPin__5.binvox,0.01352691650390625
Piston_3_WristPin__7.binvox,0.0098419189453125
Piston_3_WristPin__9.binvox,0.020847320556640625
Piston_5_ConnectingRod__2.binvox,0.007388114929199219
Piston_5_ConnectingRod__3.binvox,0.005581855773925781
Piston_5_ConnectingRod__4.binvox,0.00927734375
Piston_5_ConnectingRod__5.binvox,0.007454395294189453
Piston_5_ConnectingRod__7.binvox,0.009424209594726562
Piston_5_ConnectingRod__9.binvox,0.005863189697265625
Piston_5_PistonHead__2.binvox,0.27389049530029297
Piston_5_PistonHead__3.binvox,0.2518196105957031
Piston_5_PistonHead__4.binvox,0.19925785064697266
Piston_5_PistonHead__5.binvox,0.2514991760253906
Piston_5_PistonHead__7.binvox,0.3534550666809082
Piston_5_PistonHead__9.binvox,0.3236827850341797
Piston_5_WristPin__2.binvox,0.030725479125976562
Piston_5_WristPin__3.binvox,0.036525726318359375
Piston_5_WristPin__4.binvox,0.016678810119628906
Piston_5_WristPin__5.binvox,0.020854473114013672
Piston_5_WristPin__7.binvox,0.039783477783203125
Piston_5_WristPin__9.binvox,0.034564971923828125
Piston_6_ConnectingRod__1.binvox,0.023319244384765625
Piston_6_PistonHead__1.binvox,0.3183760643005371
Piston_6_WristPin__1.binvox,0.005859375
Piston_7_ConnectingRod__2.binvox,0.004800319671630859
Piston_7_ConnectingRod__3.binvox,0.004723548889160156
Piston_7_ConnectingRod__4.binvox,0.006394386291503906
Piston_7_ConnectingRod__5.binvox,0.006317615509033203
Piston_7_ConnectingRod__7.binvox,0.004828453063964844
Piston_7_PistonHead__2.binvox,0.1986398696899414
Piston_7_PistonHead__3.binvox,0.18268346786499023
Piston_7_PistonHead__4.binvox,0.1407470703125
Piston_7_PistonHead__5.binvox,0.17994451522827148
Piston_7_PistonHead__7.binvox,0.25922632217407227
Piston_7_RodBolt__2.binvox,0.01703929901123047
Piston_7_RodBolt__3.binvox,0.01547384262084961
Piston_7_RodBolt__4.binvox,0.023348331451416016
Piston_7_RodBolt__5.binvox,0.020743370056152344
Piston_7_RodBolt__7.binvox,0.01547384262084961
Piston_7_RodCap__2.binvox,0.024736404418945312
Piston_7_RodCap__3.binvox,0.022991180419921875
Piston_7_RodCap__4.binvox,0.03440141677856445
Piston_7_RodCap__5.binvox,0.03000354766845703
Piston_7_RodCap__7.binvox,0.022978782653808594
Piston_7_RodNut__2.binvox,0.2024679183959961
Piston_7_RodNut__3.binvox,0.18456220626831055
Piston_7_RodNut__4.binvox,0.21544122695922852
Piston_7_RodNut__5.binvox,0.24612092971801758
Piston_7_RodNut__7.binvox,0.18456220626831055
Piston_7_WristPin__2.binvox,0.048828125
Piston_7_WristPin__3.binvox,0.058349609375
Piston_7_WristPin__4.binvox,0.02490234375
Piston_7_WristPin__5.binvox,0.032958984375
Piston_7_WristPin__7.binvox,0.0546875
Piston_8_ConnectingRod__1.binvox,0.023159503936767578
Piston_8_PistonHead__1.binvox,0.22255182266235352
Piston_8_WristPin__1.binvox,0.013639450073242188
Piston_9_ConnectingRod__1.binvox,0.030274391174316406
Piston_9_PistonHead__1.binvox,0.09499835968017578
Piston_9_WristPin__1.binvox,0.023193359375
